window_id,scenario,seed,n,attack_fraction,novel_replacement,drift_share,uncorrected_drift_share,mean_ks,max_ks,macro_f1,attack_recall,benign_fpr,roc_auc,tn,fp,fn,tp,n_BENIGN,recall_BENIGN,n_DDoS,recall_DDoS,n_PortScan,recall_PortScan,n_BruteForce,recall_BruteForce,n_WebAttacks,recall_WebAttacks
S0_n500_s42,S0,42,500,0.3,0.0,0.0,0.0,0.032346153846153844,0.052999999999999936,1.0,1.0,0.0,0.9999999999999999,350,0,0,150,350,1.0,150,1.0,0,,0,,0,
S0_n500_s123,S0,123,500,0.3,0.0,0.0,0.0,0.027580769230769235,0.046999999999999986,1.0,1.0,0.0,1.0,350,0,0,150,350,1.0,150,1.0,0,,0,,0,
S0_n500_s456,S0,456,500,0.3,0.0,0.0,0.0,0.03293846153846154,0.060799999999999965,1.0,1.0,0.0,1.0,350,0,0,150,350,1.0,150,1.0,0,,0,,0,
S0_n500_s789,S0,789,500,0.3,0.0,0.0,0.0,0.026773076923076913,0.04159999999999997,1.0,1.0,0.0,1.0,350,0,0,150,350,1.0,150,1.0,0,,0,,0,
S0_n500_s1024,S0,1024,500,0.3,0.0,0.0,0.0,0.02818461538461538,0.043399999999999994,1.0,1.0,0.0,1.0,350,0,0,150,350,1.0,150,1.0,0,,0,,0,
S0_n500_s2000,S0,2000,500,0.3,0.0,0.0,0.0,0.029846153846153838,0.04420000000000002,0.9976235628496333,1.0,0.002857142857142857,1.0,349,1,0,150,350,0.9971428571428571,150,1.0,0,,0,,0,
S0_n500_s2001,S0,2001,500,0.3,0.0,0.0,0.0,0.02297307692307693,0.04679999999999995,1.0,1.0,0.0,1.0,350,0,0,150,350,1.0,150,1.0,0,,0,,0,
S0_n500_s2002,S0,2002,500,0.3,0.0,0.0,0.0,0.024349999999999986,0.04159999999999997,1.0,1.0,0.0,1.0,350,0,0,150,350,1.0,150,1.0,0,,0,,0,
S0_n500_s2003,S0,2003,500,0.3,0.0,0.0,0.0,0.03263076923076923,0.049799999999999955,1.0,1.0,0.0,1.0,350,0,0,150,350,1.0,150,1.0,0,,0,,0,
S0_n500_s2004,S0,2004,500,0.3,0.0,0.0,0.0,0.024788461538461537,0.06099999999999994,0.9976235628496333,1.0,0.002857142857142857,1.0,349,1,0,150,350,0.9971428571428571,150,1.0,0,,0,,0,
S0_n500_s2005,S0,2005,500,0.3,0.0,0.0,0.0,0.026207692307692296,0.04080000000000006,0.9976235628496333,1.0,0.002857142857142857,1.0,349,1,0,150,350,0.9971428571428571,150,1.0,0,,0,,0,
S0_n500_s2006,S0,2006,500,0.3,0.0,0.0,0.0,0.03248846153846155,0.06120000000000003,1.0,1.0,0.0,1.0,350,0,0,150,350,1.0,150,1.0,0,,0,,0,
S0_n500_s2007,S0,2007,500,0.3,0.0,0.0,0.0,0.02502692307692306,0.0504,1.0,1.0,0.0,1.0,350,0,0,150,350,1.0,150,1.0,0,,0,,0,
S0_n500_s2008,S0,2008,500,0.3,0.0,0.0,0.0,0.02733846153846155,0.05159999999999998,1.0,1.0,0.0,1.0,350,0,0,150,350,1.0,150,1.0,0,,0,,0,
S0_n500_s2009,S0,2009,500,0.3,0.0,0.0,0.0,0.02565769230769232,0.051000000000000045,1.0,1.0,0.0,1.0,350,0,0,150,350,1.0,150,1.0,0,,0,,0,
S0_n500_s2010,S0,2010,500,0.3,0.0,0.0,0.0,0.03395384615384615,0.062200000000000005,1.0,1.0,0.0,1.0,350,0,0,150,350,1.0,150,1.0,0,,0,,0,
S0_n500_s2011,S0,2011,500,0.3,0.0,0.0,0.0,0.02931153846153845,0.04820000000000002,1.0,1.0,0.0,1.0,350,0,0,150,350,1.0,150,1.0,0,,0,,0,
S0_n500_s2012,S0,2012,500,0.3,0.0,0.0,0.0,0.028276923076923074,0.05739999999999998,1.0,1.0,0.0,1.0,350,0,0,150,350,1.0,150,1.0,0,,0,,0,
S0_n500_s2013,S0,2013,500,0.3,0.0,0.0,0.019230769230769232,0.025669230769230778,0.06479999999999997,1.0,1.0,0.0,1.0,350,0,0,150,350,1.0,150,1.0,0,,0,,0,
S0_n500_s2014,S0,2014,500,0.3,0.0,0.0,0.0,0.03601538461538462,0.06040000000000001,1.0,1.0,0.0,1.0,350,0,0,150,350,1.0,150,1.0,0,,0,,0,
S0_n500_s2015,S0,2015,500,0.3,0.0,0.0,0.0,0.038153846153846156,0.06279999999999997,1.0,1.0,0.0,1.0,350,0,0,150,350,1.0,150,1.0,0,,0,,0,
S0_n500_s2016,S0,2016,500,0.3,0.0,0.0,0.038461538461538464,0.03518076923076923,0.07300000000000006,1.0,1.0,0.0,1.0,350,0,0,150,350,1.0,150,1.0,0,,0,,0,
S0_n500_s2017,S0,2017,500,0.3,0.0,0.0,0.019230769230769232,0.03426153846153846,0.07500000000000007,1.0,1.0,0.0,1.0,350,0,0,150,350,1.0,150,1.0,0,,0,,0,
S0_n500_s2018,S0,2018,500,0.3,0.0,0.0,0.0,0.02646153846153846,0.04580000000000006,1.0,1.0,0.0,1.0,350,0,0,150,350,1.0,150,1.0,0,,0,,0,
S0_n500_s2019,S0,2019,500,0.3,0.0,0.0,0.019230769230769232,0.028165384615384613,0.06559999999999999,1.0,1.0,0.0,1.0,350,0,0,150,350,1.0,150,1.0,0,,0,,0,
S0_n500_s2020,S0,2020,500,0.3,0.0,0.0,0.0,0.02713846153846154,0.045599999999999974,0.9976144924355554,0.9933333333333333,0.0,1.0,350,0,1,149,350,1.0,150,0.9933333333333333,0,,0,,0,
S0_n500_s2021,S0,2021,500,0.3,0.0,0.0,0.0,0.027461538461538468,0.04179999999999995,1.0,1.0,0.0,1.0,350,0,0,150,350,1.0,150,1.0,0,,0,,0,
S0_n500_s2022,S0,2022,500,0.3,0.0,0.0,0.0,0.028799999999999992,0.04999999999999999,1.0,1.0,0.0,1.0,350,0,0,150,350,1.0,150,1.0,0,,0,,0,
S0_n500_s2023,S0,2023,500,0.3,0.0,0.0,0.09615384615384616,0.03422307692307692,0.0686,1.0,1.0,0.0,1.0,350,0,0,150,350,1.0,150,1.0,0,,0,,0,
S0_n500_s2024,S0,2024,500,0.3,0.0,0.0,0.0,0.02443076923076923,0.04039999999999999,1.0,1.0,0.0,1.0,350,0,0,150,350,1.0,150,1.0,0,,0,,0,
S0_n1000_s42,S0,42,1000,0.3,0.0,0.0,0.0,0.019411538461538466,0.029799999999999938,1.0,1.0,0.0,1.0,700,0,0,300,700,1.0,300,1.0,0,,0,,0,
S0_n1000_s123,S0,123,1000,0.3,0.0,0.0,0.0,0.019911538461538463,0.038000000000000034,1.0,1.0,0.0,1.0,700,0,0,300,700,1.0,300,1.0,0,,0,,0,
S0_n1000_s456,S0,456,1000,0.3,0.0,0.0,0.019230769230769232,0.02773461538461539,0.054400000000000004,1.0,1.0,0.0,1.0,700,0,0,300,700,1.0,300,1.0,0,,0,,0,
S0_n1000_s789,S0,789,1000,0.3,0.0,0.0,0.0,0.022765384615384618,0.03939999999999999,1.0,1.0,0.0,1.0,700,0,0,300,700,1.0,300,1.0,0,,0,,0,
S0_n1000_s1024,S0,1024,1000,0.3,0.0,0.0,0.057692307692307696,0.02381153846153847,0.04800000000000004,1.0,1.0,0.0,1.0,700,0,0,300,700,1.0,300,1.0,0,,0,,0,
S0_n1000_s2000,S0,2000,1000,0.3,0.0,0.0,0.0,0.026223076923076922,0.044399999999999995,1.0,1.0,0.0,1.0,700,0,0,300,700,1.0,300,1.0,0,,0,,0,
S0_n1000_s2001,S0,2001,1000,0.3,0.0,0.0,0.0,0.022930769230769234,0.04239999999999999,1.0,1.0,0.0,1.0,700,0,0,300,700,1.0,300,1.0,0,,0,,0,
S0_n1000_s2002,S0,2002,1000,0.3,0.0,0.0,0.0,0.025480769230769227,0.045399999999999996,1.0,1.0,0.0,1.0,700,0,0,300,700,1.0,300,1.0,0,,0,,0,
S0_n1000_s2003,S0,2003,1000,0.3,0.0,0.0,0.0,0.02514999999999999,0.04579999999999995,1.0,1.0,0.0,1.0,700,0,0,300,700,1.0,300,1.0,0,,0,,0,
S0_n1000_s2004,S0,2004,1000,0.3,0.0,0.0,0.1346153846153846,0.029211538461538462,0.06220000000000003,1.0,1.0,0.0,1.0,700,0,0,300,700,1.0,300,1.0,0,,0,,0,
S0_n1000_s2005,S0,2005,1000,0.3,0.0,0.0,0.0,0.021357692307692303,0.03839999999999999,1.0,1.0,0.0,1.0,700,0,0,300,700,1.0,300,1.0,0,,0,,0,
S0_n1000_s2006,S0,2006,1000,0.3,0.0,0.0,0.0,0.02621538461538461,0.043200000000000016,1.0,1.0,0.0,1.0,700,0,0,300,700,1.0,300,1.0,0,,0,,0,
S0_n1000_s2007,S0,2007,1000,0.3,0.0,0.0,0.0,0.02562307692307692,0.043999999999999984,0.9988106551030627,1.0,0.0014285714285714286,1.0,699,1,0,300,700,0.9985714285714286,300,1.0,0,,0,,0,
S0_n1000_s2008,S0,2008,1000,0.3,0.0,0.0,0.0,0.01627307692307692,0.02980000000000005,1.0,1.0,0.0,1.0,700,0,0,300,700,1.0,300,1.0,0,,0,,0,
S0_n1000_s2009,S0,2009,1000,0.3,0.0,0.0,0.0,0.021157692307692304,0.03380000000000005,1.0,1.0,0.0,1.0,700,0,0,300,700,1.0,300,1.0,0,,0,,0,
S0_n1000_s2010,S0,2010,1000,0.3,0.0,0.0,0.0,0.019576923076923082,0.03400000000000003,1.0,1.0,0.0,1.0,700,0,0,300,700,1.0,300,1.0,0,,0,,0,
S0_n1000_s2011,S0,2011,1000,0.3,0.0,0.0,0.0,0.02456923076923078,0.04200000000000004,1.0,1.0,0.0,1.0,700,0,0,300,700,1.0,300,1.0,0,,0,,0,
S0_n1000_s2012,S0,2012,1000,0.3,0.0,0.0,0.019230769230769232,0.027715384615384624,0.05679999999999996,0.9988106551030627,1.0,0.0014285714285714286,1.0,699,1,0,300,700,0.9985714285714286,300,1.0,0,,0,,0,
S0_n1000_s2013,S0,2013,1000,0.3,0.0,0.0,0.0,0.023192307692307693,0.039000000000000035,1.0,1.0,0.0,1.0,700,0,0,300,700,1.0,300,1.0,0,,0,,0,
S0_n1000_s2014,S0,2014,1000,0.3,0.0,0.0,0.19230769230769232,0.03215,0.05740000000000001,1.0,1.0,0.0,1.0,700,0,0,300,700,1.0,300,1.0,0,,0,,0,
S0_n1000_s2015,S0,2015,1000,0.3,0.0,0.0,0.0,0.01811538461538462,0.030600000000000016,1.0,1.0,0.0,1.0,700,0,0,300,700,1.0,300,1.0,0,,0,,0,
S0_n1000_s2016,S0,2016,1000,0.3,0.0,0.0,0.019230769230769232,0.022176923076923077,0.049799999999999955,1.0,1.0,0.0,1.0,700,0,0,300,700,1.0,300,1.0,0,,0,,0,
S0_n1000_s2017,S0,2017,1000,0.3,0.0,0.0,0.0,0.01776538461538462,0.0338,0.9988083875219107,0.9966666666666667,0.0,1.0,700,0,1,299,700,1.0,300,0.9966666666666667,0,,0,,0,
S0_n1000_s2018,S0,2018,1000,0.3,0.0,0.0,0.0,0.02354615384615384,0.041999999999999926,1.0,1.0,0.0,1.0,700,0,0,300,700,1.0,300,1.0,0,,0,,0,
S0_n1000_s2019,S0,2019,1000,0.3,0.0,0.0,0.0,0.017673076923076934,0.03259999999999996,1.0,1.0,0.0,1.0,700,0,0,300,700,1.0,300,1.0,0,,0,,0,
S0_n1000_s2020,S0,2020,1000,0.3,0.0,0.0,0.1346153846153846,0.03066538461538461,0.049399999999999944,1.0,1.0,0.0,1.0,700,0,0,300,700,1.0,300,1.0,0,,0,,0,
S0_n1000_s2021,S0,2021,1000,0.3,0.0,0.0,0.0,0.02314615384615385,0.04499999999999993,1.0,1.0,0.0,1.0,700,0,0,300,700,1.0,300,1.0,0,,0,,0,
S0_n1000_s2022,S0,2022,1000,0.3,0.0,0.0,0.0,0.020926923076923096,0.03760000000000008,1.0,1.0,0.0,1.0,700,0,0,300,700,1.0,300,1.0,0,,0,,0,
S0_n1000_s2023,S0,2023,1000,0.3,0.0,0.0,0.0,0.024096153846153854,0.04159999999999997,1.0,1.0,0.0,1.0,700,0,0,300,700,1.0,300,1.0,0,,0,,0,
S0_n1000_s2024,S0,2024,1000,0.3,0.0,0.0,0.0,0.028557692307692315,0.04520000000000002,1.0,1.0,0.0,1.0,700,0,0,300,700,1.0,300,1.0,0,,0,,0,
S1_a15_n500_s42,S1_a15,42,500,0.15,0.0,0.5961538461538461,0.6538461538461539,0.07284230769230769,0.131,1.0,1.0,0.0,1.0,425,0,0,75,425,1.0,75,1.0,0,,0,,0,
S1_a15_n500_s123,S1_a15,123,500,0.15,0.0,0.7115384615384616,0.7307692307692307,0.08142692307692306,0.14259999999999995,1.0,1.0,0.0,1.0,425,0,0,75,425,1.0,75,1.0,0,,0,,0,
S1_a15_n500_s456,S1_a15,456,500,0.15,0.0,0.5192307692307693,0.6346153846153846,0.06779615384615385,0.1492,1.0,1.0,0.0,1.0,425,0,0,75,425,1.0,75,1.0,0,,0,,0,
S1_a15_n500_s789,S1_a15,789,500,0.15,0.0,0.7115384615384616,0.7115384615384616,0.08205769230769232,0.13740000000000002,1.0,1.0,0.0,1.0,425,0,0,75,425,1.0,75,1.0,0,,0,,0,
S1_a15_n500_s1024,S1_a15,1024,500,0.15,0.0,0.7884615384615384,0.8461538461538461,0.08563461538461538,0.1326,1.0,1.0,0.0,0.9999999999999999,425,0,0,75,425,1.0,75,1.0,0,,0,,0,
S1_a15_n1000_s42,S1_a15,42,1000,0.15,0.0,0.6923076923076923,0.7307692307692307,0.06525769230769231,0.11380000000000001,1.0,1.0,0.0,1.0,850,0,0,150,850,1.0,150,1.0,0,,0,,0,
S1_a15_n1000_s123,S1_a15,123,1000,0.15,0.0,0.8076923076923077,0.8076923076923077,0.07590384615384617,0.131,1.0,1.0,0.0,1.0,850,0,0,150,850,1.0,150,1.0,0,,0,,0,
S1_a15_n1000_s456,S1_a15,456,1000,0.15,0.0,0.75,0.7692307692307693,0.06409615384615387,0.12320000000000003,1.0,1.0,0.0,1.0,850,0,0,150,850,1.0,150,1.0,0,,0,,0,
S1_a15_n1000_s789,S1_a15,789,1000,0.15,0.0,0.6730769230769231,0.75,0.06557307692307696,0.11980000000000002,1.0,1.0,0.0,1.0,850,0,0,150,850,1.0,150,1.0,0,,0,,0,
S1_a15_n1000_s1024,S1_a15,1024,1000,0.15,0.0,0.7884615384615384,0.8076923076923077,0.07497692307692307,0.11959999999999998,1.0,1.0,0.0,1.0,850,0,0,150,850,1.0,150,1.0,0,,0,,0,
S1_a50_n500_s42,S1_a50,42,500,0.5,0.0,0.6923076923076923,0.6923076923076923,0.08775384615384615,0.16600000000000004,1.0,1.0,0.0,0.9999999999999999,250,0,0,250,250,1.0,250,1.0,0,,0,,0,
S1_a50_n500_s123,S1_a50,123,500,0.5,0.0,0.7692307692307693,0.7692307692307693,0.10207307692307693,0.15800000000000003,1.0,1.0,0.0,1.0,250,0,0,250,250,1.0,250,1.0,0,,0,,0,
S1_a50_n500_s456,S1_a50,456,500,0.5,0.0,0.7692307692307693,0.7692307692307693,0.10816153846153845,0.1594,1.0,1.0,0.0,1.0,250,0,0,250,250,1.0,250,1.0,0,,0,,0,
S1_a50_n500_s789,S1_a50,789,500,0.5,0.0,0.7884615384615384,0.7884615384615384,0.10627307692307689,0.16740000000000005,1.0,1.0,0.0,0.9999999999999999,250,0,0,250,250,1.0,250,1.0,0,,0,,0,
S1_a50_n500_s1024,S1_a50,1024,500,0.5,0.0,0.75,0.75,0.0958192307692308,0.18220000000000003,1.0,1.0,0.0,0.9999999999999999,250,0,0,250,250,1.0,250,1.0,0,,0,,0,
S1_a50_n1000_s42,S1_a50,42,1000,0.5,0.0,0.8076923076923077,0.8269230769230769,0.10229615384615384,0.15719999999999995,1.0,1.0,0.0,1.0,500,0,0,500,500,1.0,500,1.0,0,,0,,0,
S1_a50_n1000_s123,S1_a50,123,1000,0.5,0.0,0.9230769230769231,0.9230769230769231,0.09616153846153844,0.1452,1.0,1.0,0.0,1.0,500,0,0,500,500,1.0,500,1.0,0,,0,,0,
S1_a50_n1000_s456,S1_a50,456,1000,0.5,0.0,0.8076923076923077,0.8269230769230769,0.09516923076923077,0.16719999999999996,1.0,1.0,0.0,1.0,500,0,0,500,500,1.0,500,1.0,0,,0,,0,
S1_a50_n1000_s789,S1_a50,789,1000,0.5,0.0,0.9423076923076923,0.9423076923076923,0.09466923076923076,0.1432,1.0,1.0,0.0,1.0,500,0,0,500,500,1.0,500,1.0,0,,0,,0,
S1_a50_n1000_s1024,S1_a50,1024,1000,0.5,0.0,0.7692307692307693,0.7884615384615384,0.08976153846153848,0.16440000000000005,1.0,1.0,0.0,1.0,500,0,0,500,500,1.0,500,1.0,0,,0,,0,
S1_a85_n500_s42,S1_a85,42,500,0.85,0.0,0.9807692307692307,0.9807692307692307,0.2667884615384616,0.4162,1.0,1.0,0.0,1.0,75,0,0,425,75,1.0,425,1.0,0,,0,,0,
S1_a85_n500_s123,S1_a85,123,500,0.85,0.0,0.9807692307692307,0.9807692307692307,0.24887692307692313,0.41640000000000005,1.0,1.0,0.0,1.0,75,0,0,425,75,1.0,425,1.0,0,,0,,0,
S1_a85_n500_s456,S1_a85,456,500,0.85,0.0,0.9807692307692307,0.9807692307692307,0.2537038461538461,0.4022,1.0,1.0,0.0,1.0,75,0,0,425,75,1.0,425,1.0,0,,0,,0,
S1_a85_n500_s789,S1_a85,789,500,0.85,0.0,0.9807692307692307,0.9807692307692307,0.2585692307692308,0.4072,1.0,1.0,0.0,1.0,75,0,0,425,75,1.0,425,1.0,0,,0,,0,
S1_a85_n500_s1024,S1_a85,1024,500,0.85,0.0,0.9807692307692307,0.9807692307692307,0.2535153846153846,0.4122,1.0,1.0,0.0,1.0,75,0,0,425,75,1.0,425,1.0,0,,0,,0,
S1_a85_n1000_s42,S1_a85,42,1000,0.85,0.0,0.9807692307692307,0.9807692307692307,0.25854230769230774,0.4102,1.0,1.0,0.0,1.0,150,0,0,850,150,1.0,850,1.0,0,,0,,0,
S1_a85_n1000_s123,S1_a85,123,1000,0.85,0.0,0.9807692307692307,0.9807692307692307,0.2460884615384616,0.4052,1.0,1.0,0.0,1.0,150,0,0,850,150,1.0,850,1.0,0,,0,,0,
S1_a85_n1000_s456,S1_a85,456,1000,0.85,0.0,0.9807692307692307,0.9807692307692307,0.25846923076923084,0.4022,1.0,1.0,0.0,1.0,150,0,0,850,150,1.0,850,1.0,0,,0,,0,
S1_a85_n1000_s789,S1_a85,789,1000,0.85,0.0,0.9807692307692307,0.9807692307692307,0.25918461538461535,0.4152,0.9980445796726235,0.9988235294117647,0.0,0.9999999999999999,150,0,1,849,150,1.0,850,0.9988235294117647,0,,0,,0,
S1_a85_n1000_s1024,S1_a85,1024,1000,0.85,0.0,0.9807692307692307,0.9807692307692307,0.2503230769230769,0.4212,0.9980338144589352,1.0,0.006666666666666667,1.0,149,1,0,850,150,0.9933333333333333,850,1.0,0,,0,,0,
S2_r25_n500_s42,S2_r25,42,500,0.3,0.25,0.0,0.07692307692307693,0.04590384615384616,0.07879999999999998,0.9045560307690721,0.7533333333333333,0.0,0.9228571428571428,350,0,37,113,350,1.0,112,1.0,13,0.0,13,0.07692307692307693,12,0.0
S2_r25_n500_s123,S2_r25,123,500,0.3,0.25,0.3076923076923077,0.40384615384615385,0.05589615384615386,0.0948,0.9073616600790514,0.76,0.0,0.9241904761904762,350,0,36,114,350,1.0,112,1.0,13,0.0,13,0.15384615384615385,12,0.0
S2_r25_n500_s456,S2_r25,456,500,0.3,0.25,0.0,0.23076923076923078,0.0482923076923077,0.08879999999999999,0.9045560307690721,0.7533333333333333,0.0,0.9279714285714287,350,0,37,113,350,1.0,112,1.0,13,0.0,13,0.07692307692307693,12,0.0
S2_r25_n500_s789,S2_r25,789,500,0.3,0.25,0.0,0.057692307692307696,0.044776923076923075,0.07479999999999998,0.9017356585779599,0.7466666666666667,0.0,0.928495238095238,350,0,38,112,350,1.0,112,1.0,13,0.0,13,0.0,12,0.0
S2_r25_n500_s1024,S2_r25,1024,500,0.3,0.25,0.019230769230769232,0.3076923076923077,0.04940769230769231,0.1047999999999999,0.9017356585779599,0.7466666666666667,0.0,0.9350285714285713,350,0,38,112,350,1.0,112,1.0,13,0.0,13,0.0,12,0.0
S2_r25_n1000_s42,S2_r25,42,1000,0.3,0.25,0.21153846153846154,0.3076923076923077,0.042869230769230764,0.07379999999999998,0.9031476997578692,0.75,0.0,0.9336571428571429,700,0,75,225,700,1.0,225,1.0,25,0.0,25,0.0,25,0.0
S2_r25_n1000_s123,S2_r25,123,1000,0.3,0.25,0.019230769230769232,0.3076923076923077,0.03980384615384617,0.07079999999999997,0.9045560307690721,0.7533333333333333,0.0,0.928947619047619,700,0,74,226,700,1.0,225,1.0,25,0.0,25,0.04,25,0.0
S2_r25_n1000_s456,S2_r25,456,1000,0.3,0.25,0.038461538461538464,0.3076923076923077,0.037219230769230775,0.07000000000000006,0.9045560307690721,0.7533333333333333,0.0,0.9283666666666668,700,0,74,226,700,1.0,225,1.0,25,0.0,25,0.04,25,0.0
S2_r25_n1000_s789,S2_r25,789,1000,0.3,0.25,0.057692307692307696,0.3076923076923077,0.039400000000000004,0.06879999999999997,0.9031476997578692,0.75,0.0,0.9325,700,0,75,225,700,1.0,225,1.0,25,0.0,25,0.0,25,0.0
S2_r25_n1000_s1024,S2_r25,1024,1000,0.3,0.25,0.5,0.5769230769230769,0.04871153846153848,0.08339999999999992,0.9073616600790514,0.76,0.0,0.9291857142857142,700,0,72,228,700,1.0,225,1.0,25,0.0,25,0.12,25,0.0
S2_r50_n500_s42,S2_r50,42,500,0.3,0.5,0.36538461538461536,0.46153846153846156,0.07171153846153848,0.15279999999999994,0.7884795682696486,0.5066666666666667,0.0,0.8574285714285714,350,0,74,76,350,1.0,75,1.0,25,0.0,25,0.04,25,0.0
S2_r50_n500_s123,S2_r50,123,500,0.3,0.5,0.8076923076923077,0.8076923076923077,0.0850423076923077,0.16679999999999995,0.7849462365591398,0.5,0.0,0.8677333333333334,350,0,75,75,350,1.0,75,1.0,25,0.0,25,0.0,25,0.0
S2_r50_n500_s456,S2_r50,456,500,0.3,0.5,0.5961538461538461,0.6538461538461539,0.07989230769230769,0.16279999999999994,0.7849462365591398,0.5,0.0,0.8496380952380953,350,0,75,75,350,1.0,75,1.0,25,0.0,25,0.0,25,0.0
S2_r50_n500_s789,S2_r50,789,500,0.3,0.5,0.5961538461538461,0.7307692307692307,0.07513076923076924,0.13679999999999992,0.7884795682696486,0.5066666666666667,0.0,0.8560380952380953,350,0,74,76,350,1.0,75,1.0,25,0.0,25,0.04,25,0.0
S2_r50_n500_s1024,S2_r50,1024,500,0.3,0.5,0.6923076923076923,0.7884615384615384,0.08643846153846155,0.17879999999999996,0.7919884197388742,0.5133333333333333,0.0,0.8752571428571428,350,0,73,77,350,1.0,75,1.0,25,0.0,25,0.08,25,0.0
S2_r50_n1000_s42,S2_r50,42,1000,0.3,0.5,0.8269230769230769,0.8846153846153846,0.07286923076923077,0.1257999999999999,0.7884795682696486,0.5066666666666667,0.0,0.8634999999999999,700,0,148,152,700,1.0,150,1.0,50,0.0,50,0.04,50,0.0
S2_r50_n1000_s123,S2_r50,123,1000,0.3,0.5,0.9230769230769231,0.9230769230769231,0.0738653846153846,0.14479999999999993,0.7884795682696486,0.5066666666666667,0.0,0.8575142857142859,700,0,148,152,700,1.0,150,1.0,50,0.0,50,0.04,50,0.0
S2_r50_n1000_s456,S2_r50,456,1000,0.3,0.5,0.7884615384615384,0.8461538461538461,0.07226153846153847,0.13479999999999992,0.7937337743162987,0.5166666666666667,0.0,0.8571095238095238,700,0,145,155,700,1.0,150,1.0,50,0.0,50,0.1,50,0.0
S2_r50_n1000_s789,S2_r50,789,1000,0.3,0.5,0.9615384615384616,0.9615384615384616,0.07278846153846154,0.14279999999999993,0.7884795682696486,0.5066666666666667,0.0,0.8509809523809524,700,0,148,152,700,1.0,150,1.0,50,0.0,50,0.04,50,0.0
S2_r50_n1000_s1024,S2_r50,1024,1000,0.3,0.5,0.8269230769230769,0.8461538461538461,0.08039230769230772,0.15179999999999993,0.7867159844202468,0.5033333333333333,0.0,0.8481238095238096,700,0,149,151,700,1.0,150,1.0,50,0.0,50,0.02,50,0.0
S2_r100_n500_s42,S2_r100,42,500,0.3,1.0,0.9807692307692307,0.9807692307692307,0.1369923076923077,0.30279999999999996,0.43283098363312267,0.02,0.0,0.6981333333333334,350,0,147,3,350,1.0,0,,50,0.0,50,0.06,50,0.0
S2_r100_n500_s123,S2_r100,123,500,0.3,1.0,0.9807692307692307,0.9807692307692307,0.1555576923076923,0.31679999999999997,0.42589374379344586,0.013333333333333334,0.0,0.7320571428571429,350,0,148,2,350,1.0,0,,50,0.0,50,0.04,50,0.0
S2_r100_n500_s456,S2_r100,456,500,0.3,1.0,0.9807692307692307,0.9807692307692307,0.1448423076923077,0.31079999999999997,0.42589374379344586,0.013333333333333334,0.0,0.7261714285714286,350,0,148,2,350,1.0,0,,50,0.0,50,0.04,50,0.0
S2_r100_n500_s789,S2_r100,789,500,0.3,1.0,0.9807692307692307,0.9807692307692307,0.1419384615384615,0.28479999999999994,0.42589374379344586,0.013333333333333334,0.0,0.7001333333333334,350,0,148,2,350,1.0,0,,50,0.0,50,0.04,50,0.0
S2_r100_n500_s1024,S2_r100,1024,500,0.3,1.0,0.9807692307692307,0.9807692307692307,0.1531153846153846,0.3247999999999999,0.42589374379344586,0.013333333333333334,0.0,0.7781904761904762,350,0,148,2,350,1.0,0,,50,0.0,50,0.04,50,0.0
S2_r100_n1000_s42,S2_r100,42,1000,0.3,1.0,0.9807692307692307,0.9807692307692307,0.14596153846153845,0.27779999999999994,0.42239362415911597,0.01,0.0,0.7265952380952381,700,0,297,3,700,1.0,0,,100,0.0,100,0.03,100,0.0
S2_r100_n1000_s123,S2_r100,123,1000,0.3,1.0,0.9807692307692307,0.9807692307692307,0.1428076923076923,0.29579999999999995,0.41532932211443513,0.0033333333333333335,0.0,0.7103095238095238,700,0,299,1,700,1.0,0,,100,0.0,100,0.01,100,0.0
S2_r100_n1000_s456,S2_r100,456,1000,0.3,1.0,0.9807692307692307,0.9807692307692307,0.13679615384615385,0.28479999999999994,0.43283098363312267,0.02,0.0,0.7153142857142857,700,0,294,6,700,1.0,0,,100,0.0,100,0.06,100,0.0
S2_r100_n1000_s789,S2_r100,789,1000,0.3,1.0,0.9807692307692307,0.9807692307692307,0.14446923076923077,0.29379999999999995,0.41532932211443513,0.0033333333333333335,0.0,0.7128857142857143,700,0,299,1,700,1.0,0,,100,0.0,100,0.01,100,0.0
S2_r100_n1000_s1024,S2_r100,1024,1000,0.3,1.0,0.9807692307692307,0.9807692307692307,0.15215384615384614,0.30179999999999996,0.42589374379344586,0.013333333333333334,0.0,0.7118904761904761,700,0,296,4,700,1.0,0,,100,0.0,100,0.04,100,0.0
