scenario,n,windows,mean_recall,mean_evidently_share,ks_bh_alerts_030,evidently_alerts_030,ks_bh_alerts_060,evidently_alerts_060
S0,500,30,0.9997777777777778,0.032692307692307694,0,0,0,0
S0,1000,30,0.9998888888888888,0.01794871794871795,0,0,0,0
S1_a15,500,5,1.0,0.3423076923076923,5,3,3,0
S1_a15,1000,5,1.0,0.28076923076923077,5,3,5,0
S1_a50,500,5,1.0,0.4653846153846154,5,5,5,0
S1_a50,1000,5,1.0,0.3538461538461538,5,5,5,0
S1_a85,500,5,1.0,0.823076923076923,5,5,5,5
S1_a85,1000,5,0.999764705882353,0.8461538461538461,5,5,5,5
S2_r25,500,5,0.752,0.2653846153846154,1,3,0,0
S2_r25,1000,5,0.7533333333333333,0.16538461538461538,1,0,0,0
S2_r50,500,5,0.5053333333333334,0.4346153846153847,5,5,2,0
S2_r50,1000,5,0.508,0.3538461538461538,5,4,5,0
S2_r100,500,5,0.014666666666666639,0.5923076923076923,5,5,5,2
S2_r100,1000,5,0.009999999999999981,0.5615384615384615,5,5,5,1
