window_id,scenario,seed,n,attack_recall,macro_f1,ks_bh_share,evidently_share,evidently_drifted_features,ks_bh_alert_030,evidently_alert_030,ks_bh_alert_060,evidently_alert_060
S0_n500_s42,S0,42,500,1.0,1.0,0.0,0.019230769230769232,1,0,0,0,0
S0_n500_s123,S0,123,500,1.0,1.0,0.0,0.038461538461538464,2,0,0,0,0
S0_n500_s456,S0,456,500,1.0,1.0,0.0,0.019230769230769232,1,0,0,0,0
S0_n500_s789,S0,789,500,1.0,1.0,0.0,0.1346153846153846,7,0,0,0,0
S0_n500_s1024,S0,1024,500,1.0,1.0,0.0,0.038461538461538464,2,0,0,0,0
S0_n500_s2000,S0,2000,500,1.0,0.9976235628496332,0.0,0.038461538461538464,2,0,0,0,0
S0_n500_s2001,S0,2001,500,1.0,1.0,0.0,0.0,0,0,0,0,0
S0_n500_s2002,S0,2002,500,1.0,1.0,0.0,0.0,0,0,0,0,0
S0_n500_s2003,S0,2003,500,1.0,1.0,0.0,0.019230769230769232,1,0,0,0,0
S0_n500_s2004,S0,2004,500,1.0,0.9976235628496332,0.0,0.038461538461538464,2,0,0,0,0
S0_n500_s2005,S0,2005,500,1.0,0.9976235628496332,0.0,0.019230769230769232,1,0,0,0,0
S0_n500_s2006,S0,2006,500,1.0,1.0,0.0,0.019230769230769232,1,0,0,0,0
S0_n500_s2007,S0,2007,500,1.0,1.0,0.0,0.0,0,0,0,0,0
S0_n500_s2008,S0,2008,500,1.0,1.0,0.0,0.09615384615384616,5,0,0,0,0
S0_n500_s2009,S0,2009,500,1.0,1.0,0.0,0.057692307692307696,3,0,0,0,0
S0_n500_s2010,S0,2010,500,1.0,1.0,0.0,0.0,0,0,0,0,0
S0_n500_s2011,S0,2011,500,1.0,1.0,0.0,0.0,0,0,0,0,0
S0_n500_s2012,S0,2012,500,1.0,1.0,0.0,0.11538461538461539,6,0,0,0,0
S0_n500_s2013,S0,2013,500,1.0,1.0,0.0,0.019230769230769232,1,0,0,0,0
S0_n500_s2014,S0,2014,500,1.0,1.0,0.0,0.038461538461538464,2,0,0,0,0
S0_n500_s2015,S0,2015,500,1.0,1.0,0.0,0.0,0,0,0,0,0
S0_n500_s2016,S0,2016,500,1.0,1.0,0.0,0.0,0,0,0,0,0
S0_n500_s2017,S0,2017,500,1.0,1.0,0.0,0.019230769230769232,1,0,0,0,0
S0_n500_s2018,S0,2018,500,1.0,1.0,0.0,0.07692307692307693,4,0,0,0,0
S0_n500_s2019,S0,2019,500,1.0,1.0,0.0,0.0,0,0,0,0,0
S0_n500_s2020,S0,2020,500,0.9933333333333332,0.9976144924355554,0.0,0.019230769230769232,1,0,0,0,0
S0_n500_s2021,S0,2021,500,1.0,1.0,0.0,0.0,0,0,0,0,0
S0_n500_s2022,S0,2022,500,1.0,1.0,0.0,0.038461538461538464,2,0,0,0,0
S0_n500_s2023,S0,2023,500,1.0,1.0,0.0,0.07692307692307693,4,0,0,0,0
S0_n500_s2024,S0,2024,500,1.0,1.0,0.0,0.038461538461538464,2,0,0,0,0
S0_n1000_s42,S0,42,1000,1.0,1.0,0.0,0.019230769230769232,1,0,0,0,0
S0_n1000_s123,S0,123,1000,1.0,1.0,0.0,0.0,0,0,0,0,0
S0_n1000_s456,S0,456,1000,1.0,1.0,0.0,0.0,0,0,0,0,0
S0_n1000_s789,S0,789,1000,1.0,1.0,0.0,0.0,0,0,0,0,0
S0_n1000_s1024,S0,1024,1000,1.0,1.0,0.0,0.0,0,0,0,0,0
S0_n1000_s2000,S0,2000,1000,1.0,1.0,0.0,0.09615384615384616,5,0,0,0,0
S0_n1000_s2001,S0,2001,1000,1.0,1.0,0.0,0.0,0,0,0,0,0
S0_n1000_s2002,S0,2002,1000,1.0,1.0,0.0,0.0,0,0,0,0,0
S0_n1000_s2003,S0,2003,1000,1.0,1.0,0.0,0.0,0,0,0,0,0
S0_n1000_s2004,S0,2004,1000,1.0,1.0,0.0,0.019230769230769232,1,0,0,0,0
S0_n1000_s2005,S0,2005,1000,1.0,1.0,0.0,0.0,0,0,0,0,0
S0_n1000_s2006,S0,2006,1000,1.0,1.0,0.0,0.019230769230769232,1,0,0,0,0
S0_n1000_s2007,S0,2007,1000,1.0,0.9988106551030628,0.0,0.019230769230769232,1,0,0,0,0
S0_n1000_s2008,S0,2008,1000,1.0,1.0,0.0,0.0,0,0,0,0,0
S0_n1000_s2009,S0,2009,1000,1.0,1.0,0.0,0.019230769230769232,1,0,0,0,0
S0_n1000_s2010,S0,2010,1000,1.0,1.0,0.0,0.0,0,0,0,0,0
S0_n1000_s2011,S0,2011,1000,1.0,1.0,0.0,0.0,0,0,0,0,0
S0_n1000_s2012,S0,2012,1000,1.0,0.9988106551030628,0.0,0.0,0,0,0,0,0
S0_n1000_s2013,S0,2013,1000,1.0,1.0,0.0,0.0,0,0,0,0,0
S0_n1000_s2014,S0,2014,1000,1.0,1.0,0.0,0.019230769230769232,1,0,0,0,0
S0_n1000_s2015,S0,2015,1000,1.0,1.0,0.0,0.019230769230769232,1,0,0,0,0
S0_n1000_s2016,S0,2016,1000,1.0,1.0,0.0,0.07692307692307693,4,0,0,0,0
S0_n1000_s2017,S0,2017,1000,0.9966666666666668,0.9988083875219108,0.0,0.019230769230769232,1,0,0,0,0
S0_n1000_s2018,S0,2018,1000,1.0,1.0,0.0,0.019230769230769232,1,0,0,0,0
S0_n1000_s2019,S0,2019,1000,1.0,1.0,0.0,0.019230769230769232,1,0,0,0,0
S0_n1000_s2020,S0,2020,1000,1.0,1.0,0.0,0.019230769230769232,1,0,0,0,0
S0_n1000_s2021,S0,2021,1000,1.0,1.0,0.0,0.019230769230769232,1,0,0,0,0
S0_n1000_s2022,S0,2022,1000,1.0,1.0,0.0,0.0,0,0,0,0,0
S0_n1000_s2023,S0,2023,1000,1.0,1.0,0.0,0.07692307692307693,4,0,0,0,0
S0_n1000_s2024,S0,2024,1000,1.0,1.0,0.0,0.057692307692307696,3,0,0,0,0
S1_a15_n500_s42,S1_a15,42,500,1.0,1.0,0.5961538461538461,0.4230769230769231,22,1,1,0,0
S1_a15_n500_s123,S1_a15,123,500,1.0,1.0,0.7115384615384616,0.40384615384615385,21,1,1,1,0
S1_a15_n500_s456,S1_a15,456,500,1.0,1.0,0.5192307692307693,0.25,13,1,0,0,0
S1_a15_n500_s789,S1_a15,789,500,1.0,1.0,0.7115384615384616,0.2692307692307692,14,1,0,1,0
S1_a15_n500_s1024,S1_a15,1024,500,1.0,1.0,0.7884615384615384,0.36538461538461536,19,1,1,1,0
S1_a15_n1000_s42,S1_a15,42,1000,1.0,1.0,0.6923076923076923,0.3269230769230769,17,1,1,1,0
S1_a15_n1000_s123,S1_a15,123,1000,1.0,1.0,0.8076923076923077,0.3076923076923077,16,1,1,1,0
S1_a15_n1000_s456,S1_a15,456,1000,1.0,1.0,0.75,0.3076923076923077,16,1,1,1,0
S1_a15_n1000_s789,S1_a15,789,1000,1.0,1.0,0.6730769230769231,0.23076923076923078,12,1,0,1,0
S1_a15_n1000_s1024,S1_a15,1024,1000,1.0,1.0,0.7884615384615384,0.23076923076923078,12,1,0,1,0
S1_a50_n500_s42,S1_a50,42,500,1.0,1.0,0.6923076923076923,0.3076923076923077,16,1,1,1,0
S1_a50_n500_s123,S1_a50,123,500,1.0,1.0,0.7692307692307693,0.4423076923076923,23,1,1,1,0
S1_a50_n500_s456,S1_a50,456,500,1.0,1.0,0.7692307692307693,0.46153846153846156,24,1,1,1,0
S1_a50_n500_s789,S1_a50,789,500,1.0,1.0,0.7884615384615384,0.5192307692307693,27,1,1,1,0
S1_a50_n500_s1024,S1_a50,1024,500,1.0,1.0,0.75,0.5961538461538461,31,1,1,1,0
S1_a50_n1000_s42,S1_a50,42,1000,1.0,1.0,0.8076923076923077,0.36538461538461536,19,1,1,1,0
S1_a50_n1000_s123,S1_a50,123,1000,1.0,1.0,0.9230769230769232,0.4230769230769231,22,1,1,1,0
S1_a50_n1000_s456,S1_a50,456,1000,1.0,1.0,0.8076923076923077,0.3076923076923077,16,1,1,1,0
S1_a50_n1000_s789,S1_a50,789,1000,1.0,1.0,0.9423076923076924,0.36538461538461536,19,1,1,1,0
S1_a50_n1000_s1024,S1_a50,1024,1000,1.0,1.0,0.7692307692307693,0.3076923076923077,16,1,1,1,0
S1_a85_n500_s42,S1_a85,42,500,1.0,1.0,0.9807692307692308,0.8461538461538461,44,1,1,1,1
S1_a85_n500_s123,S1_a85,123,500,1.0,1.0,0.9807692307692308,0.7884615384615384,41,1,1,1,1
S1_a85_n500_s456,S1_a85,456,500,1.0,1.0,0.9807692307692308,0.8269230769230769,43,1,1,1,1
S1_a85_n500_s789,S1_a85,789,500,1.0,1.0,0.9807692307692308,0.8269230769230769,43,1,1,1,1
S1_a85_n500_s1024,S1_a85,1024,500,1.0,1.0,0.9807692307692308,0.8269230769230769,43,1,1,1,1
S1_a85_n1000_s42,S1_a85,42,1000,1.0,1.0,0.9807692307692308,0.8269230769230769,43,1,1,1,1
S1_a85_n1000_s123,S1_a85,123,1000,1.0,1.0,0.9807692307692308,0.8461538461538461,44,1,1,1,1
S1_a85_n1000_s456,S1_a85,456,1000,1.0,1.0,0.9807692307692308,0.8461538461538461,44,1,1,1,1
S1_a85_n1000_s789,S1_a85,789,1000,0.9988235294117648,0.9980445796726236,0.9807692307692308,0.8461538461538461,44,1,1,1,1
S1_a85_n1000_s1024,S1_a85,1024,1000,1.0,0.9980338144589352,0.9807692307692308,0.8653846153846154,45,1,1,1,1
S2_r25_n500_s42,S2_r25,42,500,0.7533333333333333,0.904556030769072,0.0,0.17307692307692307,9,0,0,0,0
S2_r25_n500_s123,S2_r25,123,500,0.76,0.9073616600790514,0.3076923076923077,0.3269230769230769,17,1,1,0,0
S2_r25_n500_s456,S2_r25,456,500,0.7533333333333333,0.904556030769072,0.0,0.3076923076923077,16,0,1,0,0
S2_r25_n500_s789,S2_r25,789,500,0.7466666666666667,0.90173565857796,0.0,0.3269230769230769,17,0,1,0,0
S2_r25_n500_s1024,S2_r25,1024,500,0.7466666666666667,0.90173565857796,0.0192307692307692,0.19230769230769232,10,0,0,0,0
S2_r25_n1000_s42,S2_r25,42,1000,0.75,0.9031476997578692,0.2115384615384615,0.25,13,0,0,0,0
S2_r25_n1000_s123,S2_r25,123,1000,0.7533333333333333,0.904556030769072,0.0192307692307692,0.17307692307692307,9,0,0,0,0
S2_r25_n1000_s456,S2_r25,456,1000,0.7533333333333333,0.904556030769072,0.0384615384615384,0.057692307692307696,3,0,0,0,0
S2_r25_n1000_s789,S2_r25,789,1000,0.75,0.9031476997578692,0.0576923076923076,0.17307692307692307,9,0,0,0,0
S2_r25_n1000_s1024,S2_r25,1024,1000,0.76,0.9073616600790514,0.5,0.17307692307692307,9,1,0,0,0
S2_r50_n500_s42,S2_r50,42,500,0.5066666666666667,0.7884795682696486,0.3653846153846153,0.40384615384615385,21,1,1,0,0
S2_r50_n500_s123,S2_r50,123,500,0.5,0.7849462365591398,0.8076923076923077,0.40384615384615385,21,1,1,1,0
S2_r50_n500_s456,S2_r50,456,500,0.5,0.7849462365591398,0.5961538461538461,0.4423076923076923,23,1,1,0,0
S2_r50_n500_s789,S2_r50,789,500,0.5066666666666667,0.7884795682696486,0.5961538461538461,0.5192307692307693,27,1,1,0,0
S2_r50_n500_s1024,S2_r50,1024,500,0.5133333333333333,0.7919884197388742,0.6923076923076923,0.40384615384615385,21,1,1,1,0
S2_r50_n1000_s42,S2_r50,42,1000,0.5066666666666667,0.7884795682696486,0.8269230769230769,0.4230769230769231,22,1,1,1,0
S2_r50_n1000_s123,S2_r50,123,1000,0.5066666666666667,0.7884795682696486,0.9230769230769232,0.4423076923076923,23,1,1,1,0
S2_r50_n1000_s456,S2_r50,456,1000,0.5166666666666667,0.7937337743162987,0.7884615384615384,0.36538461538461536,19,1,1,1,0
S2_r50_n1000_s789,S2_r50,789,1000,0.5066666666666667,0.7884795682696486,0.9615384615384616,0.3076923076923077,16,1,1,1,0
S2_r50_n1000_s1024,S2_r50,1024,1000,0.5033333333333333,0.7867159844202468,0.8269230769230769,0.23076923076923078,12,1,0,1,0
S2_r100_n500_s42,S2_r100,42,500,0.02,0.4328309836331226,0.9807692307692308,0.6346153846153846,33,1,1,1,1
S2_r100_n500_s123,S2_r100,123,500,0.0133333333333333,0.4258937437934458,0.9807692307692308,0.5576923076923077,29,1,1,1,0
S2_r100_n500_s456,S2_r100,456,500,0.0133333333333333,0.4258937437934458,0.9807692307692308,0.5961538461538461,31,1,1,1,0
S2_r100_n500_s789,S2_r100,789,500,0.0133333333333333,0.4258937437934458,0.9807692307692308,0.6538461538461539,34,1,1,1,1
S2_r100_n500_s1024,S2_r100,1024,500,0.0133333333333333,0.4258937437934458,0.9807692307692308,0.5192307692307693,27,1,1,1,0
S2_r100_n1000_s42,S2_r100,42,1000,0.01,0.4223936241591159,0.9807692307692308,0.5576923076923077,29,1,1,1,0
S2_r100_n1000_s123,S2_r100,123,1000,0.0033333333333333,0.4153293221144351,0.9807692307692308,0.5384615384615384,28,1,1,1,0
S2_r100_n1000_s456,S2_r100,456,1000,0.02,0.4328309836331226,0.9807692307692308,0.6153846153846154,32,1,1,1,1
S2_r100_n1000_s789,S2_r100,789,1000,0.0033333333333333,0.4153293221144351,0.9807692307692308,0.5384615384615384,28,1,1,1,0
S2_r100_n1000_s1024,S2_r100,1024,1000,0.0133333333333333,0.4258937437934458,0.9807692307692308,0.5576923076923077,29,1,1,1,0
